[{"model": "admin.logentry", "pk": 1, "fields": {"action_time": "2025-01-07T03:09:37.269Z", "user": 2, "content_type": 12, "object_id": "1", "object_repr": "Electronics", "action_flag": 1, "change_message": "[{\"added\": {}}]"}}, {"model": "admin.logentry", "pk": 2, "fields": {"action_time": "2025-01-07T03:09:43.761Z", "user": 2, "content_type": 12, "object_id": "1", "object_repr": "Electronics", "action_flag": 2, "change_message": "[]"}}, {"model": "admin.logentry", "pk": 3, "fields": {"action_time": "2025-01-07T03:10:07.424Z", "user": 2, "content_type": 12, "object_id": "2", "object_repr": "Clothing", "action_flag": 1, "change_message": "[{\"added\": {}}]"}}, {"model": "admin.logentry", "pk": 4, "fields": {"action_time": "2025-01-07T03:10:31.621Z", "user": 2, "content_type": 12, "object_id": "3", "object_repr": "Books", "action_flag": 1, "change_message": "[{\"added\": {}}]"}}, {"model": "admin.logentry", "pk": 5, "fields": {"action_time": "2025-01-07T03:10:41.555Z", "user": 2, "content_type": 12, "object_id": "4", "object_repr": "Home Appliances", "action_flag": 1, "change_message": "[{\"added\": {}}]"}}, {"model": "admin.logentry", "pk": 6, "fields": {"action_time": "2025-01-07T03:10:50.779Z", "user": 2, "content_type": 12, "object_id": "5", "object_repr": "Sports Equipment", "action_flag": 1, "change_message": "[{\"added\": {}}]"}}, {"model": "admin.logentry", "pk": 7, "fields": {"action_time": "2025-01-07T03:11:00.247Z", "user": 2, "content_type": 12, "object_id": "6", "object_repr": "Toys", "action_flag": 1, "change_message": "[{\"added\": {}}]"}}, {"model": "admin.logentry", "pk": 8, "fields": {"action_time": "2025-01-07T03:12:17.264Z", "user": 2, "content_type": 13, "object_id": "1", "object_repr": "Smartphone", "action_flag": 1, "change_message": "[{\"added\": {}}]"}}, {"model": "admin.logentry", "pk": 9, "fields": {"action_time": "2025-01-07T04:36:18.861Z", "user": 2, "content_type": 13, "object_id": "1", "object_repr": "Smartphone", "action_flag": 3, "change_message": ""}}, {"model": "admin.logentry", "pk": 10, "fields": {"action_time": "2025-01-07T05:17:49.287Z", "user": 2, "content_type": 13, "object_id": "2", "object_repr": "Smartphone", "action_flag": 1, "change_message": "[{\"added\": {}}]"}}, {"model": "admin.logentry", "pk": 11, "fields": {"action_time": "2025-01-07T05:20:17.286Z", "user": 2, "content_type": 13, "object_id": "3", "object_repr": "Laptop", "action_flag": 1, "change_message": "[{\"added\": {}}]"}}, {"model": "admin.logentry", "pk": 12, "fields": {"action_time": "2025-01-07T05:21:34.777Z", "user": 2, "content_type": 13, "object_id": "4", "object_repr": "Tablet", "action_flag": 1, "change_message": "[{\"added\": {}}]"}}, {"model": "admin.logentry", "pk": 13, "fields": {"action_time": "2025-01-07T05:23:01.778Z", "user": 2, "content_type": 13, "object_id": "5", "object_repr": "Headphones", "action_flag": 1, "change_message": "[{\"added\": {}}]"}}, {"model": "admin.logentry", "pk": 14, "fields": {"action_time": "2025-01-07T05:25:18.928Z", "user": 2, "content_type": 13, "object_id": "6", "object_repr": "Smartwatch", "action_flag": 1, "change_message": "[{\"added\": {}}]"}}, {"model": "admin.logentry", "pk": 15, "fields": {"action_time": "2025-01-07T05:26:15.435Z", "user": 2, "content_type": 13, "object_id": "7", "object_repr": "Camera", "action_flag": 1, "change_message": "[{\"added\": {}}]"}}, {"model": "admin.logentry", "pk": 16, "fields": {"action_time": "2025-01-07T05:27:40.754Z", "user": 2, "content_type": 13, "object_id": "8", "object_repr": "Bluetooth Speaker", "action_flag": 1, "change_message": "[{\"added\": {}}]"}}, {"model": "admin.logentry", "pk": 17, "fields": {"action_time": "2025-01-07T05:28:43.340Z", "user": 2, "content_type": 13, "object_id": "9", "object_repr": "Wireless Mouse", "action_flag": 1, "change_message": "[{\"added\": {}}]"}}, {"model": "admin.logentry", "pk": 18, "fields": {"action_time": "2025-01-07T05:29:54.553Z", "user": 2, "content_type": 13, "object_id": "10", "object_repr": "Charger", "action_flag": 1, "change_message": "[{\"added\": {}}]"}}, {"model": "admin.logentry", "pk": 19, "fields": {"action_time": "2025-01-07T05:30:38.873Z", "user": 2, "content_type": 13, "object_id": "11", "object_repr": "Power Bank", "action_flag": 1, "change_message": "[{\"added\": {}}]"}}, {"model": "admin.logentry", "pk": 20, "fields": {"action_time": "2025-01-07T05:32:08.569Z", "user": 2, "content_type": 13, "object_id": "12", "object_repr": "T-shirt", "action_flag": 1, "change_message": "[{\"added\": {}}]"}}, {"model": "admin.logentry", "pk": 21, "fields": {"action_time": "2025-01-07T05:33:32.380Z", "user": 2, "content_type": 13, "object_id": "13", "object_repr": "Jeans", "action_flag": 1, "change_message": "[{\"added\": {}}]"}}, {"model": "admin.logentry", "pk": 22, "fields": {"action_time": "2025-01-07T05:34:01.892Z", "user": 2, "content_type": 13, "object_id": "14", "object_repr": "Jacket", "action_flag": 1, "change_message": "[{\"added\": {}}]"}}, {"model": "admin.logentry", "pk": 23, "fields": {"action_time": "2025-01-07T05:35:12.798Z", "user": 2, "content_type": 13, "object_id": "15", "object_repr": "Hoodie", "action_flag": 1, "change_message": "[{\"added\": {}}]"}}, {"model": "admin.logentry", "pk": 24, "fields": {"action_time": "2025-01-07T05:36:15.657Z", "user": 2, "content_type": 13, "object_id": "16", "object_repr": "Sweater", "action_flag": 1, "change_message": "[{\"added\": {}}]"}}, {"model": "admin.logentry", "pk": 25, "fields": {"action_time": "2025-01-07T05:36:53.648Z", "user": 2, "content_type": 13, "object_id": "17", "object_repr": "Shorts", "action_flag": 1, "change_message": "[{\"added\": {}}]"}}, {"model": "admin.logentry", "pk": 26, "fields": {"action_time": "2025-01-07T05:39:24.614Z", "user": 2, "content_type": 13, "object_id": "18", "object_repr": "Skirt", "action_flag": 1, "change_message": "[{\"added\": {}}]"}}, {"model": "admin.logentry", "pk": 27, "fields": {"action_time": "2025-01-07T05:39:50.554Z", "user": 2, "content_type": 13, "object_id": "19", "object_repr": "Dress", "action_flag": 1, "change_message": "[{\"added\": {}}]"}}, {"model": "admin.logentry", "pk": 28, "fields": {"action_time": "2025-01-07T05:40:15.447Z", "user": 2, "content_type": 13, "object_id": "20", "object_repr": "Blouse", "action_flag": 1, "change_message": "[{\"added\": {}}]"}}, {"model": "admin.logentry", "pk": 29, "fields": {"action_time": "2025-01-07T05:40:42.727Z", "user": 2, "content_type": 13, "object_id": "21", "object_repr": "Shoes", "action_flag": 1, "change_message": "[{\"added\": {}}]"}}, {"model": "admin.logentry", "pk": 30, "fields": {"action_time": "2025-01-07T05:47:13.114Z", "user": 2, "content_type": 13, "object_id": "22", "object_repr": "Fiction Book", "action_flag": 1, "change_message": "[{\"added\": {}}]"}}, {"model": "admin.logentry", "pk": 31, "fields": {"action_time": "2025-01-07T05:47:44.291Z", "user": 2, "content_type": 13, "object_id": "23", "object_repr": "Non-fiction Book", "action_flag": 1, "change_message": "[{\"added\": {}}]"}}, {"model": "admin.logentry", "pk": 32, "fields": {"action_time": "2025-01-07T05:48:21.800Z", "user": 2, "content_type": 13, "object_id": "24", "object_repr": "Science Book", "action_flag": 1, "change_message": "[{\"added\": {}}]"}}, {"model": "admin.logentry", "pk": 33, "fields": {"action_time": "2025-01-07T05:48:53.098Z", "user": 2, "content_type": 13, "object_id": "25", "object_repr": "History Book", "action_flag": 1, "change_message": "[{\"added\": {}}]"}}, {"model": "admin.logentry", "pk": 34, "fields": {"action_time": "2025-01-07T05:49:17.580Z", "user": 2, "content_type": 13, "object_id": "26", "object_repr": "Mystery Novel", "action_flag": 1, "change_message": "[{\"added\": {}}]"}}, {"model": "admin.logentry", "pk": 35, "fields": {"action_time": "2025-01-07T05:49:42.765Z", "user": 2, "content_type": 13, "object_id": "27", "object_repr": "Biographies", "action_flag": 1, "change_message": "[{\"added\": {}}]"}}, {"model": "admin.logentry", "pk": 36, "fields": {"action_time": "2025-01-07T05:50:10.437Z", "user": 2, "content_type": 13, "object_id": "28", "object_repr": "Poetry Book", "action_flag": 1, "change_message": "[{\"added\": {}}]"}}, {"model": "admin.logentry", "pk": 37, "fields": {"action_time": "2025-01-07T05:50:34.708Z", "user": 2, "content_type": 13, "object_id": "29", "object_repr": "Self-help Book", "action_flag": 1, "change_message": "[{\"added\": {}}]"}}, {"model": "admin.logentry", "pk": 38, "fields": {"action_time": "2025-01-07T05:50:59.083Z", "user": 2, "content_type": 13, "object_id": "30", "object_repr": "Educational Book", "action_flag": 1, "change_message": "[{\"added\": {}}]"}}, {"model": "admin.logentry", "pk": 39, "fields": {"action_time": "2025-01-07T05:51:27.625Z", "user": 2, "content_type": 13, "object_id": "31", "object_repr": "Comic Book", "action_flag": 1, "change_message": "[{\"added\": {}}]"}}, {"model": "admin.logentry", "pk": 40, "fields": {"action_time": "2025-01-07T05:52:15.167Z", "user": 2, "content_type": 13, "object_id": "32", "object_repr": "Refrigerator", "action_flag": 1, "change_message": "[{\"added\": {}}]"}}, {"model": "admin.logentry", "pk": 47, "fields": {"action_time": "2025-01-08T12:54:12.973Z", "user": 30, "content_type": 13, "object_id": "33", "object_repr": "tablet2", "action_flag": 3, "change_message": ""}}, {"model": "admin.logentry", "pk": 48, "fields": {"action_time": "2025-01-08T12:54:56.932Z", "user": 30, "content_type": 13, "object_id": "36", "object_repr": "Smartphone", "action_flag": 1, "change_message": "[{\"added\": {}}]"}}, {"model": "admin.logentry", "pk": 49, "fields": {"action_time": "2025-01-08T12:56:08.713Z", "user": 30, "content_type": 13, "object_id": "37", "object_repr": "Womens Dress", "action_flag": 1, "change_message": "[{\"added\": {}}]"}}, {"model": "admin.logentry", "pk": 50, "fields": {"action_time": "2025-01-13T07:51:40.635Z", "user": 30, "content_type": 13, "object_id": "37", "object_repr": "Womens Dress", "action_flag": 2, "change_message": "[{\"changed\": {\"fields\": [\"Description\", \"Category name\", \"Brand\"]}}]"}}, {"model": "admin.logentry", "pk": 51, "fields": {"action_time": "2025-01-13T07:52:08.035Z", "user": 30, "content_type": 13, "object_id": "36", "object_repr": "Smartphone", "action_flag": 2, "change_message": "[{\"changed\": {\"fields\": [\"Description\", \"Category name\", \"Brand\"]}}]"}}, {"model": "admin.logentry", "pk": 52, "fields": {"action_time": "2025-01-13T07:52:33.115Z", "user": 30, "content_type": 13, "object_id": "32", "object_repr": "Refrigerator", "action_flag": 2, "change_message": "[{\"changed\": {\"fields\": [\"Description\", \"Category name\", \"Brand\"]}}]"}}, {"model": "admin.logentry", "pk": 53, "fields": {"action_time": "2025-01-13T07:53:08.208Z", "user": 30, "content_type": 13, "object_id": "31", "object_repr": "Comic Book", "action_flag": 2, "change_message": "[{\"changed\": {\"fields\": [\"Description\", \"Category name\", \"Brand\"]}}]"}}, {"model": "admin.logentry", "pk": 54, "fields": {"action_time": "2025-01-13T07:53:53.993Z", "user": 30, "content_type": 13, "object_id": "30", "object_repr": "Educational Book", "action_flag": 2, "change_message": "[{\"changed\": {\"fields\": [\"Slug\", \"Category name\", \"Brand\"]}}]"}}, {"model": "admin.logentry", "pk": 55, "fields": {"action_time": "2025-01-13T07:54:13.786Z", "user": 30, "content_type": 13, "object_id": "29", "object_repr": "Self-help Book", "action_flag": 2, "change_message": "[{\"changed\": {\"fields\": [\"Description\", \"Category name\", \"Brand\"]}}]"}}, {"model": "admin.logentry", "pk": 56, "fields": {"action_time": "2025-01-13T07:54:34.898Z", "user": 30, "content_type": 13, "object_id": "28", "object_repr": "Poetry Book", "action_flag": 2, "change_message": "[{\"changed\": {\"fields\": [\"Description\", \"Category name\", \"Brand\"]}}]"}}, {"model": "admin.logentry", "pk": 57, "fields": {"action_time": "2025-01-13T07:54:51.649Z", "user": 30, "content_type": 13, "object_id": "27", "object_repr": "Biographies", "action_flag": 2, "change_message": "[{\"changed\": {\"fields\": [\"Description\", \"Category name\", \"Brand\"]}}]"}}, {"model": "admin.logentry", "pk": 58, "fields": {"action_time": "2025-01-13T07:55:08.201Z", "user": 30, "content_type": 13, "object_id": "26", "object_repr": "Mystery Novel", "action_flag": 2, "change_message": "[{\"changed\": {\"fields\": [\"Description\", \"Category name\", \"Brand\"]}}]"}}, {"model": "admin.logentry", "pk": 59, "fields": {"action_time": "2025-01-13T07:55:30.439Z", "user": 30, "content_type": 13, "object_id": "25", "object_repr": "History Book", "action_flag": 2, "change_message": "[{\"changed\": {\"fields\": [\"Description\", \"Category name\", \"Brand\"]}}]"}}, {"model": "admin.logentry", "pk": 60, "fields": {"action_time": "2025-01-13T07:55:51.525Z", "user": 30, "content_type": 13, "object_id": "24", "object_repr": "Science Book", "action_flag": 2, "change_message": "[{\"changed\": {\"fields\": [\"Description\", \"Category name\", \"Brand\"]}}]"}}, {"model": "admin.logentry", "pk": 61, "fields": {"action_time": "2025-01-13T07:56:10.059Z", "user": 30, "content_type": 13, "object_id": "23", "object_repr": "Non-fiction Book", "action_flag": 2, "change_message": "[{\"changed\": {\"fields\": [\"Description\", \"Category name\", \"Brand\"]}}]"}}, {"model": "admin.logentry", "pk": 62, "fields": {"action_time": "2025-01-13T07:56:30.124Z", "user": 30, "content_type": 13, "object_id": "22", "object_repr": "Fiction Book", "action_flag": 2, "change_message": "[{\"changed\": {\"fields\": [\"Description\", \"Category name\", \"Brand\"]}}]"}}, {"model": "admin.logentry", "pk": 63, "fields": {"action_time": "2025-01-13T07:56:47.396Z", "user": 30, "content_type": 13, "object_id": "21", "object_repr": "Shoes", "action_flag": 2, "change_message": "[{\"changed\": {\"fields\": [\"Description\", \"Category name\", \"Brand\"]}}]"}}, {"model": "admin.logentry", "pk": 64, "fields": {"action_time": "2025-01-13T07:57:03.915Z", "user": 30, "content_type": 13, "object_id": "19", "object_repr": "Dress", "action_flag": 2, "change_message": "[{\"changed\": {\"fields\": [\"Description\", \"Category name\", \"Brand\"]}}]"}}, {"model": "admin.logentry", "pk": 65, "fields": {"action_time": "2025-01-13T07:57:25.487Z", "user": 30, "content_type": 13, "object_id": "18", "object_repr": "Skirt", "action_flag": 2, "change_message": "[{\"changed\": {\"fields\": [\"Description\", \"Category name\", \"Brand\"]}}]"}}, {"model": "admin.logentry", "pk": 66, "fields": {"action_time": "2025-01-13T07:57:44.438Z", "user": 30, "content_type": 13, "object_id": "17", "object_repr": "Shorts", "action_flag": 2, "change_message": "[{\"changed\": {\"fields\": [\"Description\", \"Category name\", \"Brand\"]}}]"}}, {"model": "admin.logentry", "pk": 67, "fields": {"action_time": "2025-01-13T07:58:05.569Z", "user": 30, "content_type": 13, "object_id": "16", "object_repr": "Sweater", "action_flag": 2, "change_message": "[{\"changed\": {\"fields\": [\"Slug\", \"Description\", \"Category name\"]}}]"}}, {"model": "admin.logentry", "pk": 68, "fields": {"action_time": "2025-01-13T07:58:23.518Z", "user": 30, "content_type": 13, "object_id": "15", "object_repr": "Hoodie", "action_flag": 2, "change_message": "[{\"changed\": {\"fields\": [\"Description\", \"Category name\", \"Brand\"]}}]"}}, {"model": "admin.logentry", "pk": 69, "fields": {"action_time": "2025-01-13T07:58:40.859Z", "user": 30, "content_type": 13, "object_id": "14", "object_repr": "Jacket", "action_flag": 2, "change_message": "[{\"changed\": {\"fields\": [\"Description\", \"Category name\", \"Brand\"]}}]"}}, {"model": "admin.logentry", "pk": 70, "fields": {"action_time": "2025-01-13T07:58:56.426Z", "user": 30, "content_type": 13, "object_id": "13", "object_repr": "Jeans", "action_flag": 2, "change_message": "[{\"changed\": {\"fields\": [\"Description\", \"Category name\", \"Brand\"]}}]"}}, {"model": "admin.logentry", "pk": 71, "fields": {"action_time": "2025-01-13T07:59:13.094Z", "user": 30, "content_type": 13, "object_id": "12", "object_repr": "T-shirt", "action_flag": 2, "change_message": "[{\"changed\": {\"fields\": [\"Description\", \"Category name\", \"Brand\"]}}]"}}, {"model": "admin.logentry", "pk": 72, "fields": {"action_time": "2025-01-13T07:59:32.935Z", "user": 30, "content_type": 13, "object_id": "11", "object_repr": "Power Bank", "action_flag": 2, "change_message": "[{\"changed\": {\"fields\": [\"Description\", \"Category name\", \"Brand\"]}}]"}}, {"model": "admin.logentry", "pk": 73, "fields": {"action_time": "2025-01-13T07:59:49.676Z", "user": 30, "content_type": 13, "object_id": "10", "object_repr": "Charger", "action_flag": 2, "change_message": "[{\"changed\": {\"fields\": [\"Description\", \"Category name\", \"Brand\"]}}]"}}, {"model": "admin.logentry", "pk": 74, "fields": {"action_time": "2025-01-13T08:00:09.243Z", "user": 30, "content_type": 13, "object_id": "9", "object_repr": "Wireless Mouse", "action_flag": 2, "change_message": "[{\"changed\": {\"fields\": [\"Description\", \"Category name\", \"Brand\"]}}]"}}, {"model": "admin.logentry", "pk": 75, "fields": {"action_time": "2025-01-13T08:00:26.372Z", "user": 30, "content_type": 13, "object_id": "7", "object_repr": "Camera", "action_flag": 2, "change_message": "[{\"changed\": {\"fields\": [\"Description\", \"Category name\", \"Brand\"]}}]"}}, {"model": "admin.logentry", "pk": 76, "fields": {"action_time": "2025-01-13T08:00:45.632Z", "user": 30, "content_type": 13, "object_id": "6", "object_repr": "Smartwatch", "action_flag": 2, "change_message": "[{\"changed\": {\"fields\": [\"Description\", \"Category name\", \"Brand\"]}}]"}}, {"model": "admin.logentry", "pk": 77, "fields": {"action_time": "2025-01-13T08:01:04.369Z", "user": 30, "content_type": 13, "object_id": "8", "object_repr": "Bluetooth Speaker", "action_flag": 2, "change_message": "[{\"changed\": {\"fields\": [\"Description\", \"Category name\", \"Brand\"]}}]"}}, {"model": "admin.logentry", "pk": 78, "fields": {"action_time": "2025-01-13T08:01:22.962Z", "user": 30, "content_type": 13, "object_id": "5", "object_repr": "Headphones", "action_flag": 2, "change_message": "[{\"changed\": {\"fields\": [\"Description\", \"Category name\", \"Brand\"]}}]"}}, {"model": "admin.logentry", "pk": 79, "fields": {"action_time": "2025-01-13T08:01:40.269Z", "user": 30, "content_type": 13, "object_id": "4", "object_repr": "Tablet", "action_flag": 2, "change_message": "[{\"changed\": {\"fields\": [\"Description\", \"Category name\", \"Brand\"]}}]"}}, {"model": "admin.logentry", "pk": 80, "fields": {"action_time": "2025-01-13T08:01:59.323Z", "user": 30, "content_type": 13, "object_id": "3", "object_repr": "Laptop", "action_flag": 2, "change_message": "[{\"changed\": {\"fields\": [\"Description\", \"Category name\", \"Brand\"]}}]"}}, {"model": "admin.logentry", "pk": 81, "fields": {"action_time": "2025-01-13T08:03:11.003Z", "user": 30, "content_type": 13, "object_id": "2", "object_repr": "Smartphone - iphone15 pro max", "action_flag": 2, "change_message": "[{\"changed\": {\"fields\": [\"Name\", \"Description\", \"Category name\", \"Brand\"]}}]"}}, {"model": "admin.logentry", "pk": 82, "fields": {"action_time": "2025-01-13T08:06:04.241Z", "user": 30, "content_type": 13, "object_id": "40", "object_repr": "Skirt", "action_flag": 1, "change_message": "[{\"added\": {}}]"}}, {"model": "admin.logentry", "pk": 83, "fields": {"action_time": "2025-01-13T09:34:53.165Z", "user": 30, "content_type": 13, "object_id": "37", "object_repr": "Womens Dress", "action_flag": 2, "change_message": "[{\"changed\": {\"fields\": [\"Category name\"]}}]"}}, {"model": "admin.logentry", "pk": 84, "fields": {"action_time": "2025-01-13T09:35:27.441Z", "user": 30, "content_type": 13, "object_id": "32", "object_repr": "Refrigerator", "action_flag": 2, "change_message": "[{\"changed\": {\"fields\": [\"Category name\"]}}]"}}, {"model": "admin.logentry", "pk": 85, "fields": {"action_time": "2025-01-13T09:37:04.620Z", "user": 30, "content_type": 13, "object_id": "27", "object_repr": "Biographies", "action_flag": 2, "change_message": "[{\"changed\": {\"fields\": [\"Category name\"]}}]"}}, {"model": "admin.logentry", "pk": 86, "fields": {"action_time": "2025-01-13T09:37:10.408Z", "user": 30, "content_type": 13, "object_id": "30", "object_repr": "Educational Book", "action_flag": 2, "change_message": "[{\"changed\": {\"fields\": [\"Category name\"]}}]"}}, {"model": "admin.logentry", "pk": 87, "fields": {"action_time": "2025-01-13T09:37:17.011Z", "user": 30, "content_type": 13, "object_id": "29", "object_repr": "Self-help Book", "action_flag": 2, "change_message": "[{\"changed\": {\"fields\": [\"Category name\"]}}]"}}, {"model": "admin.logentry", "pk": 88, "fields": {"action_time": "2025-01-13T09:37:19.448Z", "user": 30, "content_type": 13, "object_id": "32", "object_repr": "Refrigerator", "action_flag": 2, "change_message": "[]"}}, {"model": "admin.logentry", "pk": 89, "fields": {"action_time": "2025-01-13T09:37:22.240Z", "user": 30, "content_type": 13, "object_id": "30", "object_repr": "Educational Book", "action_flag": 2, "change_message": "[]"}}, {"model": "admin.logentry", "pk": 90, "fields": {"action_time": "2025-01-13T09:37:24.884Z", "user": 30, "content_type": 13, "object_id": "29", "object_repr": "Self-help Book", "action_flag": 2, "change_message": "[]"}}, {"model": "admin.logentry", "pk": 91, "fields": {"action_time": "2025-01-13T09:37:29.752Z", "user": 30, "content_type": 13, "object_id": "28", "object_repr": "Poetry Book", "action_flag": 2, "change_message": "[{\"changed\": {\"fields\": [\"Category name\"]}}]"}}, {"model": "admin.logentry", "pk": 92, "fields": {"action_time": "2025-01-13T09:37:35.254Z", "user": 30, "content_type": 13, "object_id": "27", "object_repr": "Biographies", "action_flag": 2, "change_message": "[]"}}, {"model": "admin.logentry", "pk": 93, "fields": {"action_time": "2025-01-13T09:37:40.321Z", "user": 30, "content_type": 13, "object_id": "27", "object_repr": "Biographies", "action_flag": 2, "change_message": "[]"}}, {"model": "admin.logentry", "pk": 94, "fields": {"action_time": "2025-01-13T09:37:46.390Z", "user": 30, "content_type": 13, "object_id": "26", "object_repr": "Mystery Novel", "action_flag": 2, "change_message": "[{\"changed\": {\"fields\": [\"Category name\"]}}]"}}, {"model": "admin.logentry", "pk": 95, "fields": {"action_time": "2025-01-13T09:37:52.378Z", "user": 30, "content_type": 13, "object_id": "25", "object_repr": "History Book", "action_flag": 2, "change_message": "[{\"changed\": {\"fields\": [\"Category name\"]}}]"}}, {"model": "admin.logentry", "pk": 96, "fields": {"action_time": "2025-01-13T09:37:57.582Z", "user": 30, "content_type": 13, "object_id": "25", "object_repr": "History Book", "action_flag": 2, "change_message": "[]"}}, {"model": "admin.logentry", "pk": 97, "fields": {"action_time": "2025-01-13T09:38:02.031Z", "user": 30, "content_type": 13, "object_id": "24", "object_repr": "Science Book", "action_flag": 2, "change_message": "[{\"changed\": {\"fields\": [\"Category name\"]}}]"}}, {"model": "admin.logentry", "pk": 98, "fields": {"action_time": "2025-01-13T09:38:06.712Z", "user": 30, "content_type": 13, "object_id": "25", "object_repr": "History Book", "action_flag": 2, "change_message": "[]"}}, {"model": "admin.logentry", "pk": 99, "fields": {"action_time": "2025-01-13T09:38:10.049Z", "user": 30, "content_type": 13, "object_id": "24", "object_repr": "Science Book", "action_flag": 2, "change_message": "[]"}}, {"model": "admin.logentry", "pk": 100, "fields": {"action_time": "2025-01-13T09:38:15.092Z", "user": 30, "content_type": 13, "object_id": "23", "object_repr": "Non-fiction Book", "action_flag": 2, "change_message": "[{\"changed\": {\"fields\": [\"Category name\"]}}]"}}, {"model": "admin.logentry", "pk": 101, "fields": {"action_time": "2025-01-13T09:38:20.835Z", "user": 30, "content_type": 13, "object_id": "22", "object_repr": "Fiction Book", "action_flag": 2, "change_message": "[{\"changed\": {\"fields\": [\"Category name\"]}}]"}}, {"model": "admin.logentry", "pk": 102, "fields": {"action_time": "2025-01-13T09:38:26.468Z", "user": 30, "content_type": 13, "object_id": "21", "object_repr": "Shoes", "action_flag": 2, "change_message": "[{\"changed\": {\"fields\": [\"Category name\"]}}]"}}, {"model": "admin.logentry", "pk": 103, "fields": {"action_time": "2025-01-13T09:39:13.419Z", "user": 30, "content_type": 13, "object_id": "19", "object_repr": "Dress", "action_flag": 2, "change_message": "[{\"changed\": {\"fields\": [\"Category name\"]}}]"}}, {"model": "admin.logentry", "pk": 104, "fields": {"action_time": "2025-01-13T09:39:19.000Z", "user": 30, "content_type": 13, "object_id": "18", "object_repr": "Skirt", "action_flag": 2, "change_message": "[{\"changed\": {\"fields\": [\"Category name\"]}}]"}}, {"model": "admin.logentry", "pk": 105, "fields": {"action_time": "2025-01-13T09:39:23.779Z", "user": 30, "content_type": 13, "object_id": "18", "object_repr": "Skirt", "action_flag": 2, "change_message": "[]"}}, {"model": "admin.logentry", "pk": 106, "fields": {"action_time": "2025-01-13T09:39:28.931Z", "user": 30, "content_type": 13, "object_id": "17", "object_repr": "Shorts", "action_flag": 2, "change_message": "[{\"changed\": {\"fields\": [\"Category name\"]}}]"}}, {"model": "admin.logentry", "pk": 107, "fields": {"action_time": "2025-01-13T09:39:34.075Z", "user": 30, "content_type": 13, "object_id": "16", "object_repr": "Sweater", "action_flag": 2, "change_message": "[{\"changed\": {\"fields\": [\"Category name\"]}}]"}}, {"model": "admin.logentry", "pk": 108, "fields": {"action_time": "2025-01-13T09:39:40.115Z", "user": 30, "content_type": 13, "object_id": "16", "object_repr": "Sweater", "action_flag": 2, "change_message": "[]"}}, {"model": "admin.logentry", "pk": 109, "fields": {"action_time": "2025-01-13T09:39:45.818Z", "user": 30, "content_type": 13, "object_id": "15", "object_repr": "Hoodie", "action_flag": 2, "change_message": "[{\"changed\": {\"fields\": [\"Category name\"]}}]"}}, {"model": "admin.logentry", "pk": 110, "fields": {"action_time": "2025-01-13T09:39:51.477Z", "user": 30, "content_type": 13, "object_id": "14", "object_repr": "Jacket", "action_flag": 2, "change_message": "[{\"changed\": {\"fields\": [\"Category name\"]}}]"}}, {"model": "admin.logentry", "pk": 111, "fields": {"action_time": "2025-01-13T09:39:57.724Z", "user": 30, "content_type": 13, "object_id": "13", "object_repr": "Jeans", "action_flag": 2, "change_message": "[{\"changed\": {\"fields\": [\"Category name\"]}}]"}}, {"model": "admin.logentry", "pk": 112, "fields": {"action_time": "2025-01-13T09:40:04.533Z", "user": 30, "content_type": 13, "object_id": "11", "object_repr": "Power Bank", "action_flag": 2, "change_message": "[]"}}, {"model": "admin.logentry", "pk": 113, "fields": {"action_time": "2025-01-13T09:40:52.501Z", "user": 30, "content_type": 13, "object_id": "31", "object_repr": "Comic Book", "action_flag": 2, "change_message": "[{\"changed\": {\"fields\": [\"Category name\"]}}]"}}, {"model": "admin.logentry", "pk": 114, "fields": {"action_time": "2025-01-13T09:43:32.158Z", "user": 30, "content_type": 13, "object_id": "32", "object_repr": "Refrigerator", "action_flag": 2, "change_message": "[{\"changed\": {\"fields\": [\"Image\"]}}]"}}, {"model": "admin.logentry", "pk": 115, "fields": {"action_time": "2025-01-13T09:43:36.244Z", "user": 30, "content_type": 13, "object_id": "40", "object_repr": "Skirt", "action_flag": 2, "change_message": "[]"}}, {"model": "admin.logentry", "pk": 116, "fields": {"action_time": "2025-01-13T09:43:44.839Z", "user": 30, "content_type": 13, "object_id": "37", "object_repr": "Womens Dress", "action_flag": 2, "change_message": "[{\"changed\": {\"fields\": [\"Image\"]}}]"}}, {"model": "admin.logentry", "pk": 117, "fields": {"action_time": "2025-01-13T09:43:51.550Z", "user": 30, "content_type": 13, "object_id": "20", "object_repr": "Blouse", "action_flag": 2, "change_message": "[{\"changed\": {\"fields\": [\"Category name\", \"Image\"]}}]"}}, {"model": "admin.logentry", "pk": 118, "fields": {"action_time": "2025-01-13T09:44:17.633Z", "user": 30, "content_type": 13, "object_id": "40", "object_repr": "Skirt", "action_flag": 2, "change_message": "[{\"changed\": {\"fields\": [\"Image\"]}}]"}}, {"model": "admin.logentry", "pk": 119, "fields": {"action_time": "2025-01-13T09:45:09.207Z", "user": 30, "content_type": 13, "object_id": "40", "object_repr": "Skirt", "action_flag": 3, "change_message": ""}}, {"model": "admin.logentry", "pk": 120, "fields": {"action_time": "2025-01-13T09:46:47.283Z", "user": 30, "content_type": 13, "object_id": "20", "object_repr": "Blouse", "action_flag": 2, "change_message": "[{\"changed\": {\"fields\": [\"Category name\"]}}]"}}, {"model": "admin.logentry", "pk": 121, "fields": {"action_time": "2025-01-13T09:46:56.967Z", "user": 30, "content_type": 13, "object_id": "20", "object_repr": "Blouse", "action_flag": 2, "change_message": "[]"}}, {"model": "admin.logentry", "pk": 122, "fields": {"action_time": "2025-01-13T09:47:23.605Z", "user": 30, "content_type": 13, "object_id": "12", "object_repr": "T-shirt", "action_flag": 2, "change_message": "[{\"changed\": {\"fields\": [\"Category name\"]}}]"}}, {"model": "admin.logentry", "pk": 123, "fields": {"action_time": "2025-01-13T09:48:06.301Z", "user": 30, "content_type": 13, "object_id": "18", "object_repr": "Skirt", "action_flag": 2, "change_message": "[{\"changed\": {\"fields\": [\"Image\"]}}]"}}, {"model": "sessions.session", "pk": "1hat0154lxgon1n28qgc3t6cbgs0kjba", "fields": {"session_data": ".eJxVjDsOwjAQBe_iGlkbzDoJJT1niPZnEkC2FCcV4u4QKQW0b2beyw20LuOwVpuHSd3ZBXCH35FJHpY3onfKt-Kl5GWe2G-K32n116L2vOzu38FIdfzWjK1IFwIcLXECgGSNKHZApAHJKEZsOmq5ldAAQw8nigFRowr2ltz7AxsBOHo:1tVVZQ:RbkpdSJO0MkC9sOAFpdd1q7t4oXlLO1mwBSjDD46iSY", "expire_date": "2025-01-22T12:54:00.578Z"}}, {"model": "sessions.session", "pk": "3fp2dvtj034qa97c85471iy6mcvne36t", "fields": {"session_data": ".eJxVjMsOwiAQRf-FtSEgDA-X7vsNZHiMVA0kpV0Z_12bdKHbe865LxZwW2vYRlnCnNmFndnpd4uYHqXtIN-x3TpPva3LHPmu8IMOPvVcntfD_TuoOOq3FhSj0mgBMWtfhPRZZhCa0JtYkIyF5ByQAFKUoEhnjfdKJifJKhvZ-wP6KjgW:1tUzw1:EG5K7ZvWOn22mwVJXQXCgB804D_JDE-kY4MhCAsvpRM", "expire_date": "2025-01-21T03:07:13.689Z"}}, {"model": "sessions.session", "pk": "473yrolzamy8jfi4gn0zwjzu7i3sbvsn", "fields": {"session_data": ".eJxVjMsOwiAQRf-FtSEgDA-X7vsNZHiMVA0kpV0Z_12bdKHbe865LxZwW2vYRlnCnNmFndnpd4uYHqXtIN-x3TpPva3LHPmu8IMOPvVcntfD_TuoOOq3FhSj0mgBMWtfhPRZZhCa0JtYkIyF5ByQAFKUoEhnjfdKJifJKhvZ-wP6KjgW:1tV13y:X_m9jC5ejlI3_HPwJf6Y8VKAvSuV4FqNIi8Tt-vaSqQ", "expire_date": "2025-01-21T04:19:30.128Z"}}, {"model": "sessions.session", "pk": "4qnvp1xo0tm0lqy9cvw6v0y8ggucjd9a", "fields": {"session_data": ".eJxVjDsOwjAQBe_iGlkbzDoJJT1niPZnEkC2FCcV4u4QKQW0b2beyw20LuOwVpuHSd3ZBXCH35FJHpY3onfKt-Kl5GWe2G-K32n116L2vOzu38FIdfzWjK1IFwIcLXECgGSNKHZApAHJKEZsOmq5ldAAQw8nigFRowr2ltz7AxsBOHo:1tXFCl:e9dwODOPDblVmG4I99UivdHutAI7tBUI5On3Dmg88Sk", "expire_date": "2025-01-27T07:49:47.246Z"}}, {"model": "sessions.session", "pk": "eqvu238u37a8pc4hiabb5bcnoe6d5ubi", "fields": {"session_data": ".eJxVjEsOwjAMBe-SNYqSUNcNS_Y9QxU7Ni2gROpnhbg7VOoCtm9m3ssMaVvHYVtkHqZsLiagOf2OlPghZSf5nsqtWq5lnSeyu2IPuti-ZnleD_fvYEzL-K2TkxxSK9oFRVBFDKjctRS5AQcg3BDCmSA713mNwOp9DCCeo1dC8_4AH_M4TA:1tVPtQ:sCXE5JG5yggk4wOYgG2v_w4UEZ_M-rXijnPB2Vq28AE", "expire_date": "2025-01-22T06:50:16.294Z"}}, {"model": "sessions.session", "pk": "ijwk4ai7wm45u9q8tqqomphb8hli0is3", "fields": {"session_data": ".eJxVjMsOwiAQRf-FtSEgDA-X7vsNZHiMVA0kpV0Z_12bdKHbe865LxZwW2vYRlnCnNmFndnpd4uYHqXtIN-x3TpPva3LHPmu8IMOPvVcntfD_TuoOOq3FhSj0mgBMWtfhPRZZhCa0JtYkIyF5ByQAFKUoEhnjfdKJifJKhvZ-wP6KjgW:1tV8Yt:UV0lJJvUwiS3n5ryAUv7w_Y9jBDKswtGw9s2PBTBzY0", "expire_date": "2025-01-21T12:19:55.685Z"}}, {"model": "sessions.session", "pk": "n2xt75kcg42gbxszxw5eza0m0rb7efrc", "fields": {"session_data": ".eJxVjDsOwjAQBe_iGlkbzDoJJT1niPZnEkC2FCcV4u4QKQW0b2beyw20LuOwVpuHSd3ZBXCH35FJHpY3onfKt-Kl5GWe2G-K32n116L2vOzu38FIdfzWjK1IFwIcLXECgGSNKHZApAHJKEZsOmq5ldAAQw8nigFRowr2ltz7AxsBOHo:1tXDAO:RbfRPNN5sr7lcznH6fA0NxQTZsKj5YLqKoNAj1eMjLs", "expire_date": "2025-01-27T05:39:12.237Z"}}, {"model": "sessions.session", "pk": "q0ndcfy32gq2shfwzdcg9d8ajoitf4ij", "fields": {"session_data": ".eJxVjMsOwiAQRf-FtSEgDA-X7vsNZHiMVA0kpV0Z_12bdKHbe865LxZwW2vYRlnCnNmFndnpd4uYHqXtIN-x3TpPva3LHPmu8IMOPvVcntfD_TuoOOq3FhSj0mgBMWtfhPRZZhCa0JtYkIyF5ByQAFKUoEhnjfdKJifJKhvZ-wP6KjgW:1tVCOv:M6pUEMwUStvBAkRNAsvWrZNHQ5JZVCEH-0pCW1jR3AY", "expire_date": "2025-01-21T16:25:53.282Z"}}, {"model": "sessions.session", "pk": "supu3gzqkt97bjh46buz16l4q8qaihoe", "fields": {"session_data": ".eJxVjEEOgjAQRe_StWnKUMqMS_eegcxMqaCmTSisjHdXEha6_e-9_zIDb-s0bHVchjmaswEyp99RWB9j3km8c74VqyWvyyx2V-xBq72WOD4vh_t3MHGdvjW3ARJGjUSUWi_UBcHea9OIdtCRoCJGBkASp704hym4JBoCQ-u9eX8ADbw37A:1tYRip:ybgxzdQ_Xv1SSSV2IzsP2lNY-CoKt0doK4KvcJr-MpA", "expire_date": "2025-01-30T15:23:51.770Z"}}, {"model": "api.customuser", "pk": 5, "fields": {"last_login": null, "is_superuser": false, "name": "s", "email": "shubiksha23@gmail.com", "password": "pbkdf2_sha256$870000$nB3YfLFrHgIXwVbgOXdbMX$e0tWF+kraaGs3f/a5vZ5xzZLKKPLRaz544ePIfSGGVg=", "is_active": true, "is_staff": false, "created_at": "2025-01-06T12:28:31.218Z", "updated_at": "2025-01-06T12:28:31.218Z", "groups": [], "user_permissions": []}}, {"model": "api.customuser", "pk": 6, "fields": {"last_login": null, "is_superuser": false, "name": "rahul", "email": "rahul23@gmail.com", "password": "pbkdf2_sha256$870000$xWz1smvrAOVPsGR4cRJ7X1$dQ67SoYb/u/X+D2ULqQjWMLvIHC/Z/hYRri83fFEwhs=", "is_active": true, "is_staff": false, "created_at": "2025-01-06T12:32:16.629Z", "updated_at": "2025-01-06T12:32:16.629Z", "groups": [], "user_permissions": []}}, {"model": "api.customuser", "pk": 7, "fields": {"last_login": null, "is_superuser": false, "name": "s", "email": "s23@gmail.com", "password": "pbkdf2_sha256$870000$B6IlFePD0LnEdsOGW7JV1D$3TCd8i2ILz571tVxm4RIXAvWoT2PJMUnwUNhwZQ1DH4=", "is_active": true, "is_staff": false, "created_at": "2025-01-06T15:32:01.592Z", "updated_at": "2025-01-06T15:32:01.592Z", "groups": [], "user_permissions": []}}, {"model": "api.customuser", "pk": 8, "fields": {"last_login": null, "is_superuser": false, "name": "s", "email": "shubiksha3@gmail.com", "password": "pbkdf2_sha256$870000$auLUYq0jzUULhfSZAgTeJA$4KxI4TcAGtfsK5I4tMqhcyU574XzDpIe3zDkX6eAmto=", "is_active": true, "is_staff": false, "created_at": "2025-01-06T15:33:04.483Z", "updated_at": "2025-01-06T15:33:04.483Z", "groups": [], "user_permissions": []}}, {"model": "api.customuser", "pk": 9, "fields": {"last_login": null, "is_superuser": false, "name": "krish", "email": "krish22@gmail.com", "password": "pbkdf2_sha256$870000$M5PsS0hjvyOfJnZqjGcD04$+brdxg8mXW3Yf+kHLyn8DIDqGjnYwNbcwxHGsT2vcfg=", "is_active": true, "is_staff": false, "created_at": "2025-01-06T15:49:59.214Z", "updated_at": "2025-01-06T15:49:59.214Z", "groups": [], "user_permissions": []}}, {"model": "api.customuser", "pk": 10, "fields": {"last_login": null, "is_superuser": false, "name": "rana", "email": "rana67@gmail.com", "password": "pbkdf2_sha256$870000$vvLWqyavSb3RLdy47LxyHk$/+CPS8vbYBaaj7Fk64UbVWFl3jjRHZ/4ekpcql5BWk0=", "is_active": true, "is_staff": false, "created_at": "2025-01-06T16:16:25.210Z", "updated_at": "2025-01-06T16:16:25.210Z", "groups": [], "user_permissions": []}}, {"model": "api.customuser", "pk": 11, "fields": {"last_login": null, "is_superuser": false, "name": "k", "email": "k4@gmail.com", "password": "pbkdf2_sha256$870000$A63q8m9yxju2ui8PI286aA$nxqefiwiCYgD71NvRWdOd/vqyu6XP7Pe9T9tF9ugB2k=", "is_active": true, "is_staff": false, "created_at": "2025-01-06T16:28:23.264Z", "updated_at": "2025-01-06T16:28:23.264Z", "groups": [], "user_permissions": []}}, {"model": "api.customuser", "pk": 12, "fields": {"last_login": null, "is_superuser": false, "name": "jaro", "email": "jaro4@gmail.com", "password": "pbkdf2_sha256$870000$OZc5acMgNljIc6OCKwaHO5$Pl0SDA4evfUPqG9DQIYGCJc6Ow3CHMVrlnnfV9O3qU0=", "is_active": true, "is_staff": false, "created_at": "2025-01-06T16:50:45.978Z", "updated_at": "2025-01-06T16:50:45.978Z", "groups": [], "user_permissions": []}}, {"model": "api.customuser", "pk": 13, "fields": {"last_login": null, "is_superuser": false, "name": "k", "email": "shubiksha20@gmail.com", "password": "pbkdf2_sha256$870000$ZoYgL8MqBPT0PNC2vwYT4o$NkRyYaLHzzk2PQnoFAcKZCfkgCE3lLqrcrifkc9aCS4=", "is_active": true, "is_staff": false, "created_at": "2025-01-06T16:55:48.054Z", "updated_at": "2025-01-06T16:55:48.054Z", "groups": [], "user_permissions": []}}, {"model": "api.customuser", "pk": 14, "fields": {"last_login": null, "is_superuser": false, "name": "jaamun", "email": "jam78@gmail.com", "password": "pbkdf2_sha256$870000$mwIRGigK8PlNzBZeKCr9JI$QKxGuux9XujautW/pLPMjypVu8oJ+14Wx+TXTrz/v7w=", "is_active": true, "is_staff": false, "created_at": "2025-01-06T17:05:04.902Z", "updated_at": "2025-01-06T17:05:04.902Z", "groups": [], "user_permissions": []}}, {"model": "api.customuser", "pk": 15, "fields": {"last_login": null, "is_superuser": false, "name": "k", "email": "shubikshas23@gmail.com", "password": "pbkdf2_sha256$870000$FvWDMqlsFDGmL4X9Jum78j$MrtlCnrIXE9m1O3gjBe0LdkfRosu/j515vjCNvlavTg=", "is_active": true, "is_staff": false, "created_at": "2025-01-06T17:11:05.686Z", "updated_at": "2025-01-06T17:11:05.686Z", "groups": [], "user_permissions": []}}, {"model": "api.customuser", "pk": 16, "fields": {"last_login": null, "is_superuser": false, "name": "leh", "email": "leh67@gmail.com", "password": "pbkdf2_sha256$870000$BKLc0mUdvGSMAQG4HyYkko$QTX5mAKSP+062xQCpVu0s0WSQupN51JGxXkhhuGHc7k=", "is_active": true, "is_staff": false, "created_at": "2025-01-06T17:38:04.240Z", "updated_at": "2025-01-06T17:38:04.240Z", "groups": [], "user_permissions": []}}, {"model": "api.customuser", "pk": 17, "fields": {"last_login": null, "is_superuser": false, "name": "m", "email": "m34@gmail.com", "password": "pbkdf2_sha256$870000$NDRtpv2A2Jj4kOBgRaz0z8$SQCfUlQY98jJmyEWC7Sy8XIXujISOr+cscuVvfp+TLo=", "is_active": true, "is_staff": false, "created_at": "2025-01-07T02:13:35.152Z", "updated_at": "2025-01-07T02:13:35.152Z", "groups": [], "user_permissions": []}}, {"model": "api.customuser", "pk": 18, "fields": {"last_login": null, "is_superuser": false, "name": "user", "email": "tbalasubramani66@gmail.com", "password": "pbkdf2_sha256$870000$SPHQdhdOeO5OvRPJFv3I9W$/nvSbpEHrnrK/QPWvzvogB2UDoyAGD5AHPZkfB2ou3M=", "is_active": true, "is_staff": false, "created_at": "2025-01-07T02:14:11.663Z", "updated_at": "2025-01-07T02:14:11.663Z", "groups": [], "user_permissions": []}}, {"model": "api.customuser", "pk": 19, "fields": {"last_login": null, "is_superuser": false, "name": "b", "email": "b67@gmail.com", "password": "pbkdf2_sha256$870000$mVq8hYCpkodkAzD2jUmasj$NHm935AGyqFvj6UrSChcF43fp0IF4YmLuo9xVH9rhAQ=", "is_active": true, "is_staff": false, "created_at": "2025-01-07T03:01:51.522Z", "updated_at": "2025-01-07T03:01:51.522Z", "groups": [], "user_permissions": []}}, {"model": "api.customuser", "pk": 20, "fields": {"last_login": null, "is_superuser": false, "name": "goat", "email": "shubiha23@gmail.com", "password": "pbkdf2_sha256$870000$cO5TPUjEdqzp1Rj4EZfdgp$r1csQ/8mCcPO20jX7VeTRR406PUtqSk21FH3yda6ykw=", "is_active": true, "is_staff": false, "created_at": "2025-01-07T07:10:08.571Z", "updated_at": "2025-01-07T07:10:08.571Z", "groups": [], "user_permissions": []}}, {"model": "api.customuser", "pk": 21, "fields": {"last_login": null, "is_superuser": false, "name": "shubi", "email": "s35351342@gmail.com", "password": "pbkdf2_sha256$870000$o5mcgPPmT4A2b5AJvCo0oU$vroIqlZI6n1a14cUMsYE0dyNYWxcc1QIv1P46yZ7IVo=", "is_active": true, "is_staff": false, "created_at": "2025-01-07T07:51:22.032Z", "updated_at": "2025-01-07T07:51:22.032Z", "groups": [], "user_permissions": []}}, {"model": "api.customuser", "pk": 22, "fields": {"last_login": null, "is_superuser": false, "name": "testuser", "email": "testuser@example.com", "password": "pbkdf2_sha256$870000$9NpqeD8KVav1Qlqa9sReMY$STuslvXBU1lwOmxpyJ1a2pA1O+xDx8wZauQKBVHmdu4=", "is_active": true, "is_staff": false, "created_at": "2025-01-07T16:30:55.103Z", "updated_at": "2025-01-07T16:30:55.103Z", "groups": [], "user_permissions": []}}, {"model": "api.customuser", "pk": 23, "fields": {"last_login": null, "is_superuser": false, "name": "testuser", "email": "testuse@example.com", "password": "pbkdf2_sha256$870000$fhXNeucth2X2k4QWvtmKaw$KBQ1ND/MCToGZPBlnfrd4bxpq1/RY0a8A9Bxw4buuWY=", "is_active": true, "is_staff": false, "created_at": "2025-01-07T16:41:39.680Z", "updated_at": "2025-01-07T16:41:39.680Z", "groups": [], "user_permissions": []}}, {"model": "api.customuser", "pk": 24, "fields": {"last_login": null, "is_superuser": false, "name": "vaishu", "email": "vaishu@example.com", "password": "pbkdf2_sha256$870000$O0kRNQ5RkO14GuBm98ZFFl$l1HNFAZebCUP4MJH7SF+WJ76TPzU/PtQGk+HS8RxPXA=", "is_active": true, "is_staff": false, "created_at": "2025-01-07T16:42:57.758Z", "updated_at": "2025-01-07T16:42:57.758Z", "groups": [], "user_permissions": []}}, {"model": "api.customuser", "pk": 25, "fields": {"last_login": null, "is_superuser": false, "name": "vaishu", "email": "vaisu@example.com", "password": "pbkdf2_sha256$870000$AsOI4qQ531Idwdg5MWe3Hi$ilryi9UlpEM+ZtU0ddXBm5eaiQaE4S7ltSJ+kZ/kBQw=", "is_active": true, "is_staff": false, "created_at": "2025-01-07T18:00:42.849Z", "updated_at": "2025-01-07T18:00:42.849Z", "groups": [], "user_permissions": []}}, {"model": "api.customuser", "pk": 26, "fields": {"last_login": null, "is_superuser": false, "name": "night", "email": "night56@gmail.com", "password": "pbkdf2_sha256$870000$oRmoZksDYmQsO6dFP0EtUE$7BtIxIX/oEy7S6EsA8Ga8W4kgsg51u0nbrmxRGLjrNQ=", "is_active": true, "is_staff": false, "created_at": "2025-01-07T18:56:32.307Z", "updated_at": "2025-01-07T18:56:32.307Z", "groups": [], "user_permissions": []}}, {"model": "api.customuser", "pk": 27, "fields": {"last_login": "2025-01-08T12:37:35.156Z", "is_superuser": true, "name": "abcd", "email": "abcd@gmail.com", "password": "pbkdf2_sha256$870000$3WK0CYJxq6e2SKgtvrcNbt$83rQzyRpmId6fpDLhhxJSUx8AgoOu3xBkhm3CmJVz84=", "is_active": true, "is_staff": true, "created_at": "2025-01-08T06:48:38.072Z", "updated_at": "2025-01-08T06:48:38.072Z", "groups": [], "user_permissions": []}}, {"model": "api.customuser", "pk": 28, "fields": {"last_login": null, "is_superuser": false, "name": "happy", "email": "hap45@gmail.com", "password": "pbkdf2_sha256$870000$DfgNq0P14GmUaRLGBW3Paf$sePxWdqqwitUxrPbWkPjJVPPCrIqSHCSzjEz57KD1Es=", "is_active": true, "is_staff": false, "created_at": "2025-01-08T08:58:32.978Z", "updated_at": "2025-01-08T08:58:32.978Z", "groups": [], "user_permissions": []}}, {"model": "api.customuser", "pk": 29, "fields": {"last_login": "2025-01-16T15:23:51.766Z", "is_superuser": true, "name": "we", "email": "we@gmail.com", "password": "pbkdf2_sha256$870000$0GdZDNE02NY2Be4G1Ykdxf$23erRGYwgw8jzVYuDImn0mBuY1uRccQluhCs2z7Vot4=", "is_active": true, "is_staff": true, "created_at": "2025-01-08T12:42:32.902Z", "updated_at": "2025-01-08T12:42:32.902Z", "groups": [], "user_permissions": []}}, {"model": "api.customuser", "pk": 30, "fields": {"last_login": "2025-01-13T07:49:47.243Z", "is_superuser": true, "name": "me", "email": "me@gmail.com", "password": "pbkdf2_sha256$870000$TkaD1rQjac1isEHBWfkDak$bhPn5YcRqtvfdJrrB/Qd9I0yXktpyNnh2uIvlAJu/Mk=", "is_active": true, "is_staff": true, "created_at": "2025-01-08T12:51:56.404Z", "updated_at": "2025-01-08T12:51:56.404Z", "groups": [], "user_permissions": []}}, {"model": "api.customuser", "pk": 31, "fields": {"last_login": null, "is_superuser": false, "name": "bheem", "email": "bheem54@gmail.com", "password": "pbkdf2_sha256$870000$t8mDAT5hcq87R6va5FPaj5$qGJveV1ypC8x3umg00Cy2CNEiJkk4QWWbO5x0qWRQMQ=", "is_active": true, "is_staff": false, "created_at": "2025-01-13T03:27:32.640Z", "updated_at": "2025-01-13T03:27:32.640Z", "groups": [], "user_permissions": []}}, {"model": "api.customuser", "pk": 32, "fields": {"last_login": null, "is_superuser": false, "name": "xyx", "email": "xyz@gmail.com", "password": "pbkdf2_sha256$870000$Kz5veHkMdDJkFmwtTbM5Y3$om7CryQNWIvbKX1CILA+vutcZUv2nKTgu2wANOQQX2s=", "is_active": true, "is_staff": false, "created_at": "2025-01-16T15:43:24.599Z", "updated_at": "2025-01-16T15:43:24.599Z", "groups": [], "user_permissions": []}}, {"model": "api.customuser", "pk": 33, "fields": {"last_login": null, "is_superuser": false, "name": "jkl", "email": "jkl78@gmail.com", "password": "pbkdf2_sha256$870000$d0REASMJ6MoegY8iTphoXj$dZTnyLrgU3vl5D3iIgvjmjDp8lYzKE13cyM8R9eC13k=", "is_active": true, "is_staff": false, "created_at": "2025-01-16T15:43:53.740Z", "updated_at": "2025-01-16T15:43:53.740Z", "groups": [], "user_permissions": []}}, {"model": "api.category", "pk": 1, "fields": {"category_name": "Electronics", "date_of_creation": "2025-01-07T03:09:37.268Z"}}, {"model": "api.category", "pk": 2, "fields": {"category_name": "Clothing", "date_of_creation": "2025-01-07T03:10:07.424Z"}}, {"model": "api.category", "pk": 3, "fields": {"category_name": "Books", "date_of_creation": "2025-01-07T03:10:31.620Z"}}, {"model": "api.category", "pk": 4, "fields": {"category_name": "Home Appliances", "date_of_creation": "2025-01-07T03:10:41.554Z"}}, {"model": "api.category", "pk": 5, "fields": {"category_name": "Sports Equipment", "date_of_creation": "2025-01-07T03:10:50.778Z"}}, {"model": "api.category", "pk": 6, "fields": {"category_name": "Toys", "date_of_creation": "2025-01-07T03:11:00.246Z"}}, {"model": "api.product", "pk": 2, "fields": {"name": "Smartphone - iphone15 pro max", "slug": "smartphone-iphone15-pro-max", "description": "A flagship smartphone known for its vibrant display, powerful performance, and innovative features like multi-camera setups.", "category_id": 1, "category_name": "electronics", "brand": "Apple", "available_stock": 50, "marked_price": "25000.00", "discount_price": "2000.00", "is_active": true, "image": "product_images/product_images/smartphone_WzrZaMo.jpeg", "created_at": "2025-01-13T05:38:23.451Z", "updated_at": "2025-01-13T08:03:10.988Z"}}, {"model": "api.product", "pk": 3, "fields": {"name": "Laptop", "slug": "laptop", "description": "A high-performance laptop designed for work, gaming, or multimedia use. Known for its sleek design, power, and reliability.", "category_id": 1, "category_name": "electronics", "brand": "Dell", "available_stock": 300, "marked_price": "100000.00", "discount_price": "20000.00", "is_active": true, "image": "product_images/product_images/laptop.jpeg", "created_at": "2025-01-13T05:38:23.451Z", "updated_at": "2025-01-13T08:01:59.314Z"}}, {"model": "api.product", "pk": 4, "fields": {"name": "Tablet", "slug": "tablet", "description": "A versatile tablet offering a sharp display, long battery life, and productivity tools, perfect for entertainment and work.", "category_id": 1, "category_name": "electronics", "brand": "Samsung", "available_stock": 25, "marked_price": "32000.00", "discount_price": "2000.00", "is_active": true, "image": "product_images/product_images/tablet.jpeg", "created_at": "2025-01-13T05:38:23.451Z", "updated_at": "2025-01-13T08:01:40.254Z"}}, {"model": "api.product", "pk": 5, "fields": {"name": "Headphones", "slug": "headphones", "description": "Premium over-ear headphones known for delivering exceptional sound quality and noise-cancellation for an immersive listening experience.", "category_id": 1, "category_name": "electronics", "brand": "Bose", "available_stock": 150, "marked_price": "4500.00", "discount_price": "0.00", "is_active": true, "image": "product_images/product_images/headphone.jpeg", "created_at": "2025-01-13T05:38:23.451Z", "updated_at": "2025-01-13T08:01:22.954Z"}}, {"model": "api.product", "pk": 6, "fields": {"name": "Smartwatch", "slug": "smartwatch", "description": "A sleek smartwatch with fitness tracking features, heart rate monitoring, GPS navigation, and long battery life.", "category_id": 1, "category_name": "electronics", "brand": "Garmin", "available_stock": 250, "marked_price": "3500.00", "discount_price": "1500.00", "is_active": true, "image": "product_images/product_images/smartwatch.jpeg", "created_at": "2025-01-13T05:38:23.451Z", "updated_at": "2025-01-13T08:00:45.624Z"}}, {"model": "api.product", "pk": 7, "fields": {"name": "Camera", "slug": "camera", "description": "A high-resolution digital camera, perfect for capturing professional-quality photos and videos, equipped with advanced autofocus and image stabilization.", "category_id": 1, "category_name": "electronics", "brand": "Canon", "available_stock": 20, "marked_price": "50000.00", "discount_price": "10000.00", "is_active": true, "image": "product_images/product_images/camera.jpeg", "created_at": "2025-01-13T05:38:23.451Z", "updated_at": "2025-01-13T08:00:26.364Z"}}, {"model": "api.product", "pk": 8, "fields": {"name": "Bluetooth Speaker", "slug": "bluetooth-speaker", "description": "A portable Bluetooth speaker known for delivering high-quality sound, designed to be waterproof and durable for outdoor use.", "category_id": 1, "category_name": "electronics", "brand": "JBL", "available_stock": 100, "marked_price": "8000.00", "discount_price": "2500.00", "is_active": true, "image": "product_images/product_images/bluetooth_speaker.jpeg", "created_at": "2025-01-13T05:38:23.451Z", "updated_at": "2025-01-13T08:01:04.361Z"}}, {"model": "api.product", "pk": 9, "fields": {"name": "Wireless Mouse", "slug": "wireless-mouse", "description": "A precision wireless mouse offering smooth navigation, designed for comfort and efficiency with long-lasting battery life.", "category_id": 1, "category_name": "electronics", "brand": "Logitech", "available_stock": 80, "marked_price": "750.00", "discount_price": "150.00", "is_active": true, "image": "product_images/product_images/wireless_mouse.jpeg", "created_at": "2025-01-13T05:38:23.451Z", "updated_at": "2025-01-13T08:00:09.234Z"}}, {"model": "api.product", "pk": 10, "fields": {"name": "Charger", "slug": "charger", "description": "A reliable charger compatible with various devices, designed for fast charging and durability.", "category_id": 1, "category_name": "electronics", "brand": "Belkin", "available_stock": 20, "marked_price": "350.00", "discount_price": "0.00", "is_active": true, "image": "product_images/product_images/charger.jpeg", "created_at": "2025-01-13T05:38:23.451Z", "updated_at": "2025-01-13T07:59:49.667Z"}}, {"model": "api.product", "pk": 11, "fields": {"name": "Power Bank", "slug": "power-bank", "description": "A compact and efficient power bank designed to quickly charge your devices on the go, with high-capacity battery support.", "category_id": 1, "category_name": "electronics", "brand": "Anker", "available_stock": 200, "marked_price": "2000.00", "discount_price": "250.00", "is_active": true, "image": "product_images/product_images/product_images/power_bank.jpeg", "created_at": "2025-01-13T05:38:23.451Z", "updated_at": "2025-01-13T09:40:04.523Z"}}, {"model": "api.product", "pk": 12, "fields": {"name": "T-shirt", "slug": "t-shirt", "description": "A comfortable cotton T-shirt, perfect for casual wear, featuring classic designs and the iconic Levis logo.", "category_id": 2, "category_name": "fashion", "brand": "Levis", "available_stock": 500, "marked_price": "320.00", "discount_price": "100.00", "is_active": true, "image": "product_images/product_images/product_images/t_shirt.jpeg", "created_at": "2025-01-13T05:38:23.451Z", "updated_at": "2025-01-13T09:47:23.596Z"}}, {"model": "api.product", "pk": 13, "fields": {"name": "Jeans", "slug": "jeans", "description": "Durable jeans with a classic cut, offering comfort and flexibility for everyday wear while retaining a stylish look.", "category_id": 2, "category_name": "fashion", "brand": "Wrangler", "available_stock": 100, "marked_price": "750.00", "discount_price": "0.00", "is_active": true, "image": "product_images/product_images/product_images/jeans.jpeg", "created_at": "2025-01-13T05:38:23.451Z", "updated_at": "2025-01-13T09:39:57.712Z"}}, {"model": "api.product", "pk": 14, "fields": {"name": "Jacket", "slug": "jacket", "description": "A durable and water-resistant jacket designed for outdoor activities, providing warmth and protection in various weather conditions.", "category_id": 2, "category_name": "fashion", "brand": "Columbia", "available_stock": 25, "marked_price": "2500.00", "discount_price": "275.00", "is_active": true, "image": "product_images/product_images/product_images/jacket.jpeg", "created_at": "2025-01-13T05:38:23.451Z", "updated_at": "2025-01-13T09:39:51.468Z"}}, {"model": "api.product", "pk": 15, "fields": {"name": "Hoodie", "slug": "hoodie", "description": "A sporty hoodie that combines comfort and performance, made from soft fleece with a stylish design perfect for casual or active wear.", "category_id": 2, "category_name": "fashion", "brand": "Adidas", "available_stock": 600, "marked_price": "750.00", "discount_price": "500.00", "is_active": true, "image": "product_images/product_images/product_images/hoodie.jpeg", "created_at": "2025-01-13T05:38:23.451Z", "updated_at": "2025-01-13T09:39:45.809Z"}}, {"model": "api.product", "pk": 16, "fields": {"name": "Sweater", "slug": "Uniqlo", "description": "A cozy and stylish sweater, crafted from soft materials for warmth and comfort, ideal for layering during cooler months.", "category_id": 2, "category_name": "fashion", "brand": null, "available_stock": 250, "marked_price": "350.00", "discount_price": "50.00", "is_active": true, "image": "product_images/product_images/product_images/product_images/sweater.jpeg", "created_at": "2025-01-13T05:38:23.451Z", "updated_at": "2025-01-13T09:39:40.105Z"}}, {"model": "api.product", "pk": 17, "fields": {"name": "Shorts", "slug": "shorts", "description": "Comfortable and trendy denim shorts perfect for warm weather, designed with classic Levis craftsmanship and modern fit.", "category_id": 2, "category_name": "fashion", "brand": "Levis", "available_stock": 750, "marked_price": "250.00", "discount_price": "50.00", "is_active": true, "image": "product_images/product_images/product_images/shots.jpeg", "created_at": "2025-01-13T05:38:23.451Z", "updated_at": "2025-01-13T09:39:28.922Z"}}, {"model": "api.product", "pk": 18, "fields": {"name": "Skirt", "slug": "skirt", "description": "A versatile skirt available in various styles, from A-line to pencil, designed for both casual and formal wear.", "category_id": 2, "category_name": "fashion", "brand": "Forever 21", "available_stock": 200, "marked_price": "350.00", "discount_price": "75.00", "is_active": true, "image": "", "created_at": "2025-01-13T05:38:23.451Z", "updated_at": "2025-01-13T09:48:06.285Z"}}, {"model": "api.product", "pk": 19, "fields": {"name": "Dress", "slug": "dress", "description": "A chic and fashionable dress, ideal for both day and night wear, crafted from soft fabrics for a flattering fit and long-lasting style.", "category_id": 2, "category_name": "fashion", "brand": "Mango", "available_stock": 200, "marked_price": "1500.00", "discount_price": "250.00", "is_active": true, "image": "product_images/product_images/product_images/dress.jpeg", "created_at": "2025-01-13T05:38:23.451Z", "updated_at": "2025-01-13T09:39:13.402Z"}}, {"model": "api.product", "pk": 20, "fields": {"name": "Blouse", "slug": "blouse", "description": "", "category_id": 2, "category_name": "fashion", "brand": null, "available_stock": 150, "marked_price": "800.00", "discount_price": "350.00", "is_active": true, "image": "", "created_at": "2025-01-13T05:38:23.451Z", "updated_at": "2025-01-13T09:46:56.956Z"}}, {"model": "api.product", "pk": 21, "fields": {"name": "Shoes", "slug": "shoes", "description": "Stylish and durable shoes designed for athletic performance, comfort, and everyday use, made with innovative materials and technologies.", "category_id": 2, "category_name": "fashion", "brand": "Nike", "available_stock": 750, "marked_price": "1200.00", "discount_price": "230.00", "is_active": true, "image": "product_images/product_images/product_images/shots_4Ipyk1n.jpeg", "created_at": "2025-01-13T05:38:23.451Z", "updated_at": "2025-01-13T09:38:26.459Z"}}, {"model": "api.product", "pk": 22, "fields": {"name": "Fiction Book", "slug": "fiction-book", "description": "A collection of fictional stories offering compelling characters and immersive plots, perfect for readers seeking adventure, romance, or drama.", "category_id": 3, "category_name": "books", "brand": "Penguin Random House", "available_stock": 125, "marked_price": "600.00", "discount_price": "150.00", "is_active": true, "image": "product_images/product_images/product_images/fiction_book.jpeg", "created_at": "2025-01-13T05:38:23.451Z", "updated_at": "2025-01-13T09:38:20.825Z"}}, {"model": "api.product", "pk": 23, "fields": {"name": "Non-fiction Book", "slug": "non-fiction-book", "description": "A non-fiction book that presents real-world stories, facts, and data to educate and inspire readers on various topics.", "category_id": 3, "category_name": "books", "brand": "Random House", "available_stock": 600, "marked_price": "450.00", "discount_price": "200.00", "is_active": true, "image": "product_images/product_images/product_images/non_fiction_book.jpeg", "created_at": "2025-01-13T05:38:23.451Z", "updated_at": "2025-01-13T09:38:15.079Z"}}, {"model": "api.product", "pk": 24, "fields": {"name": "Science Book", "slug": "science-book", "description": "A fascinating science book filled with vivid imagery and well-researched articles exploring the wonders of nature, space, and human knowledge.", "category_id": 3, "category_name": "books", "brand": "National Geographic", "available_stock": 50, "marked_price": "1200.00", "discount_price": "600.00", "is_active": true, "image": "product_images/product_images/product_images/product_images/science_book.jpeg", "created_at": "2025-01-13T05:38:23.451Z", "updated_at": "2025-01-13T09:38:10.039Z"}}, {"model": "api.product", "pk": 25, "fields": {"name": "History Book", "slug": "history-book", "description": "An in-depth history book, detailing significant events, people, and cultural shifts from different historical periods.", "category_id": 3, "category_name": "books", "brand": "Oxford University Press", "available_stock": 257, "marked_price": "690.00", "discount_price": "310.00", "is_active": true, "image": "product_images/product_images/product_images/product_images/product_images/history.jpeg", "created_at": "2025-01-13T05:38:23.451Z", "updated_at": "2025-01-13T09:38:06.695Z"}}, {"model": "api.product", "pk": 26, "fields": {"name": "Mystery Novel", "slug": "mystery-novel", "description": "A gripping mystery novel by the queen of crime, Agatha Christie, filled with suspense, twists, and clever plots.", "category_id": 3, "category_name": "books", "brand": "Agatha Christie", "available_stock": 50, "marked_price": "800.00", "discount_price": "0.00", "is_active": true, "image": "product_images/product_images/product_images/mystery_novel_book.jpeg", "created_at": "2025-01-13T05:38:23.451Z", "updated_at": "2025-01-13T09:37:46.378Z"}}, {"model": "api.product", "pk": 27, "fields": {"name": "Biographies", "slug": "biographies", "description": "A biography of influential figures, written with insightful narratives, showcasing the lives and accomplishments of leaders, artists, and thinkers.", "category_id": 3, "category_name": "books", "brand": "HarperCollins", "available_stock": 120, "marked_price": "900.00", "discount_price": "230.00", "is_active": true, "image": "product_images/product_images/product_images/product_images/product_images/biography.jpeg", "created_at": "2025-01-13T05:38:23.451Z", "updated_at": "2025-01-13T09:37:40.309Z"}}, {"model": "api.product", "pk": 28, "fields": {"name": "Poetry Book", "slug": "poetry-book", "description": "A collection of timeless poems, ranging from classical to contemporary, beautifully curated for poetry enthusiasts.", "category_id": 3, "category_name": "books", "brand": "Penguin Classics", "available_stock": 600, "marked_price": "250.00", "discount_price": "0.00", "is_active": true, "image": "product_images/product_images/product_images/poetry_book.jpeg", "created_at": "2025-01-13T05:38:23.451Z", "updated_at": "2025-01-13T09:37:29.742Z"}}, {"model": "api.product", "pk": 29, "fields": {"name": "Self-help Book", "slug": "self-help-book", "description": "A motivational book by Tony Robbins that provides practical advice for personal growth, success, and achieving your dreams.", "category_id": 3, "category_name": "books", "brand": "Tony Robbins", "available_stock": 750, "marked_price": "750.00", "discount_price": "150.00", "is_active": true, "image": "product_images/product_images/product_images/product_images/self_help_book.jpeg", "created_at": "2025-01-13T05:38:23.451Z", "updated_at": "2025-01-13T09:37:24.876Z"}}, {"model": "api.product", "pk": 30, "fields": {"name": "Educational Book", "slug": "Pearson", "description": "", "category_id": 3, "category_name": "books", "brand": "Pearson", "available_stock": 600, "marked_price": "250.00", "discount_price": "0.00", "is_active": true, "image": "product_images/product_images/product_images/product_images/education_book.jpeg", "created_at": "2025-01-13T05:38:23.451Z", "updated_at": "2025-01-13T09:37:22.231Z"}}, {"model": "api.product", "pk": 31, "fields": {"name": "Comic Book", "slug": "comic-book", "description": "A comic book featuring iconic superheroes with captivating storylines. Known for intricate artwork and action-packed adventures.", "category_id": 3, "category_name": "books", "brand": "Marvel", "available_stock": 700, "marked_price": "450.00", "discount_price": "0.00", "is_active": true, "image": "product_images/product_images/product_images/comic_book.jpeg", "created_at": "2025-01-13T05:38:23.451Z", "updated_at": "2025-01-13T09:40:52.485Z"}}, {"model": "api.product", "pk": 32, "fields": {"name": "Refrigerator", "slug": "refrigerator", "description": "A modern refrigerator with energy-efficient cooling technology. Features spacious compartments and smart cooling to preserve food for longer.", "category_id": 4, "category_name": "home_appliances", "brand": "Samsung", "available_stock": 500, "marked_price": "35000.00", "discount_price": "5000.00", "is_active": true, "image": "", "created_at": "2025-01-13T05:38:23.451Z", "updated_at": "2025-01-13T09:43:32.147Z"}}, {"model": "api.product", "pk": 36, "fields": {"name": "Smartphone", "slug": "smartphone", "description": "The iPhone series offers cutting-edge features, stunning displays, and an intuitive user experience. Known for high performance and sleek design.", "category_id": 1, "category_name": "electronics", "brand": "Apple", "available_stock": 80, "marked_price": "60000.00", "discount_price": "25000.00", "is_active": true, "image": "product_images/product_images/smartphone_eDAO6s1.jpeg", "created_at": "2025-01-13T05:38:23.451Z", "updated_at": "2025-01-13T07:52:08.026Z"}}, {"model": "api.product", "pk": 37, "fields": {"name": "Womens Dress", "slug": "womens-dress", "description": "A trendy and elegant dress perfect for both casual and formal occasions. Made from high-quality fabrics to ensure comfort and style.", "category_id": 2, "category_name": "fashion", "brand": "Zara", "available_stock": 80, "marked_price": "800.00", "discount_price": "200.00", "is_active": true, "image": "", "created_at": "2025-01-13T05:38:23.451Z", "updated_at": "2025-01-13T09:43:44.828Z"}}]